sep=	
time (소스1)	VAL_A	time (소스1)	VAL_B	time (소스1)	VAL_C
0	1620	0	2040	0	1316
0.008	1644	0.008	2040	0.008	1316
0.016	1644	0.017	2040	0.017	1316
0.025	1644	0.025	2040	0.025	1284
0.033	1624	0.034	2040	0.033	1284
0.042	1624	0.042	2040	0.042	1284
0.05	1648	0.05	2040	0.05	1284
0.058	1648	0.059	2040	0.058	1284
0.067	1648	0.067	2040	0.067	1164
0.075	1660	0.075	2040	0.075	1164
0.083	1660	0.084	2040	0.084	1164
0.092	1660	0.092	2040	0.092	1228
0.1	1520	0.101	2040	0.1	1228
0.108	1520	0.109	2040	0.109	1228
0.116	1520	0.117	2040	0.117	1048
0.125	1544	0.126	2040	0.126	1048
0.133	1544	0.134	2040	0.134	1048
0.142	1544	0.142	2040	0.142	1100
0.15	1764	0.151	2040	0.15	1100
0.158	1764	0.159	2040	0.159	1100
0.167	1764	0.167	2040	0.167	1072
0.175	1876	0.176	2040	0.175	1072
0.183	1876	0.184	2040	0.184	1072
0.192	1876	0.192	2040	0.192	1128
0.2	1876	0.201	2040	0.201	1128
0.208	1876	0.209	2040	0.209	1128
0.217	1944	0.217	2040	0.217	1128
0.225	1944	0.226	2040	0.226	1128
0.233	1944	0.234	2040	0.238	1184
0.243	1788	0.243	2040	0.242	1184
0.25	1788	0.251	2040	0.251	1184
0.259	1788	0.26	2040	0.259	1104
0.268	1900	0.268	2040	0.268	1104
0.275	1900	0.276	2040	0.276	1104
0.284	1900	0.285	2040	0.284	1132
0.294	2040	0.294	2040	0.294	1132
0.302	2040	0.302	2040	0.303	1132
0.31	2040	0.311	2040	0.311	1188
0.319	2040	0.319	2040	0.319	1188
0.327	2040	0.328	2040	0.328	1188
0.335	2040	0.336	2040	0.336	1160
0.343	2040	0.344	2040	0.345	1160
0.352	2040	0.353	2040	0.353	1160
0.36	2040	0.361	2040	0.361	1184
0.369	2040	0.37	2040	0.37	1184
0.377	2040	0.378	2040	0.378	1184
0.385	2040	0.386	2040	0.387	752
0.394	1760	0.395	2040	0.395	752
0.402	1760	0.403	2040	0.403	752
0.41	1760	0.411	2040	0.411	988
0.419	1540	0.42	2040	0.42	988
0.427	1540	0.428	2040	0.428	988
0.435	1540	0.436	2040	0.436	1224
0.444	1724	0.444	2040	0.445	1224
0.452	1724	0.453	2040	0.453	1224
0.461	1844	0.461	2040	0.462	1224
0.469	1844	0.47	2040	0.47	1224
0.477	1844	0.478	2040	0.478	1516
0.486	1792	0.486	2040	0.487	1516
0.494	1792	0.495	2040	0.495	1516
0.503	1792	0.503	2040	0.503	1380
0.511	1588	0.511	2040	0.511	1380
0.519	1588	0.52	2040	0.52	1380
0.527	1588	0.528	2040	0.528	1280
0.536	1852	0.537	2040	0.537	1280
0.544	1852	0.545	2040	0.545	1280
0.552	1852	0.553	2040	0.553	1224
0.561	1596	0.562	2040	0.561	1224
0.569	1596	0.57	2040	0.57	1224
0.578	1596	0.578	2040	0.578	1216
0.586	1404	0.586	2040	0.586	1216
0.594	1404	0.598	2040	0.597	1216
0.605	1404	0.606	2040	0.606	908
0.613	1440	0.614	2040	0.614	908
0.622	1440	0.623	2040	0.622	908
0.63	1440	0.631	2040	0.631	1024
0.638	1668	0.64	2040	0.639	1024
0.647	1668	0.648	2040	0.647	1024
0.655	1604	0.656	2040	0.656	1024
0.663	1604	0.665	2040	0.664	1024
0.672	1604	0.673	2040	0.672	1104
0.68	1576	0.681	2040	0.681	1104
0.689	1576	0.69	2040	0.689	1104
0.697	1576	0.698	2040	0.698	992
0.705	1792	0.706	2040	0.706	992
0.713	1792	0.714	2040	0.714	992
0.722	1792	0.723	2040	0.722	1020
0.73	1972	0.731	2040	0.731	1020
0.739	1972	0.74	2040	0.739	1020
0.747	1972	0.748	2040	0.748	1272
0.755	1768	0.756	2040	0.756	1272
0.764	1768	0.765	2040	0.764	1272
0.772	2040	0.773	2040	0.773	1272
0.78	2040	0.782	2040	0.781	1272
0.789	2040	0.79	2040	0.789	1300
0.797	2040	0.798	2040	0.798	1300
0.805	2040	0.806	2040	0.806	1300
0.814	2040	0.815	2040	0.814	1080
0.822	2040	0.823	2040	0.823	1080
0.831	2040	0.832	2040	0.831	1080
0.839	2040	0.84	2040	0.84	1156
0.847	2040	0.849	2040	0.848	1156
0.856	2040	0.856	2040	0.856	1156
0.864	2040	0.865	2040	0.864	852
0.872	1828	0.873	2040	0.873	852
0.881	1828	0.881	2040	0.881	852
0.889	1828	0.89	2040	0.89	1000
0.898	1688	0.898	2040	0.898	1000
0.908	1688	0.908	2040	0.908	1000
0.916	1688	0.916	2040	0.916	1328
0.924	1760	0.925	2040	0.925	1328
0.933	1760	0.933	2040	0.933	1328
0.941	1760	0.941	2040	0.941	1304
0.95	1940	0.95	2040	0.95	1304
0.958	1940	0.958	2040	0.958	1304
0.966	1940	0.967	2040	0.966	1468
0.974	1836	0.975	2040	0.975	1468
0.983	1836	0.983	2040	0.983	1468
0.992	1836	0.992	2040	0.991	1356
1	1832	1	2040	1	1356
1.008	1832	1.008	2040	1.008	1356
1.016	1948	1.017	2040	1.016	1356
1.024	1948	1.025	2040	1.034	1356
1.039	1948	1.037	2040	1.034	1316
1.041	1932	1.042	2040	1.041	1316
1.05	1932	1.05	2040	1.05	1316
1.058	1932	1.059	2040	1.058	1348
1.066	1488	1.067	2040	1.067	1348
1.074	1488	1.075	2040	1.075	1348
1.083	1488	1.083	2040	1.083	956
1.092	1648	1.092	2040	1.092	956
1.1	1648	1.1	2040	1.1	956
1.108	1648	1.108	2040	1.108	1080
1.116	1932	1.117	2040	1.117	1080
1.125	1932	1.125	2040	1.125	1080
1.133	1932	1.134	2040	1.133	1132
1.142	1828	1.142	2040	1.142	1132
1.15	1828	1.15	2040	1.15	1132
1.158	1828	1.159	2040	1.158	1140
1.167	1784	1.167	2040	1.167	1140
1.175	1784	1.175	2040	1.175	1140
1.183	1784	1.184	2040	1.183	952
1.191	1924	1.192	2040	1.192	952
1.2	1924	1.2	2040	1.2	952
1.209	1928	1.21	2040	1.209	952
1.217	1928	1.218	2040	1.218	952
1.226	1928	1.226	2040	1.226	1184
1.234	1916	1.235	2040	1.234	1184
1.243	1916	1.243	2040	1.243	1184
1.251	1916	1.251	2040	1.252	968
1.259	1916	1.26	2040	1.26	968
1.267	1916	1.268	2040	1.268	1208
1.276	2040	1.277	2040	1.276	1208
1.284	2040	1.285	2040	1.285	1208
1.293	2040	1.293	2040	1.293	1140
1.301	2040	1.302	2040	1.302	1140
1.309	2040	1.31	2040	1.31	1140
1.318	2040	1.318	2040	1.318	1140
1.326	2040	1.327	2040	1.327	1140
1.334	2040	1.335	2040	1.335	1140
1.343	2040	1.344	2040	1.343	888
1.351	2040	1.352	2040	1.352	888
1.359	2040	1.36	2040	1.36	888
1.368	2040	1.369	2040	1.368	896
1.376	1764	1.377	2040	1.377	896
1.385	1764	1.385	2040	1.385	896
1.393	1764	1.394	2040	1.393	1256
1.401	1856	1.402	2040	1.402	1256
1.409	1856	1.41	2040	1.41	1256
1.418	1856	1.418	2040	1.418	1308
1.426	1868	1.427	2040	1.427	1308
1.435	1868	1.435	2040	1.435	1308
1.443	1868	1.444	2040	1.443	1456
1.451	1804	1.452	2040	1.452	1456
1.46	1804	1.46	2040	1.46	1456
1.468	1804	1.469	2040	1.468	1356
1.476	1704	1.477	2040	1.477	1356
1.485	1704	1.485	2040	1.485	1356
1.493	1704	1.494	2040	1.493	1296
1.501	1880	1.502	2040	1.502	1296
1.51	1880	1.51	2040	1.512	1296
1.52	1880	1.521	2040	1.52	1280
1.528	1728	1.529	2040	1.529	1280
1.537	1728	1.537	2040	1.537	1280
1.545	1728	1.546	2040	1.546	1280
1.553	1496	1.554	2040	1.554	1280
1.562	1496	1.563	2040	1.562	1280
1.57	1572	1.571	2040	1.571	1280
1.578	1572	1.579	2040	1.579	1280
1.587	1572	1.588	2040	1.587	960
1.595	1744	1.596	2040	1.596	960
1.604	1744	1.604	2040	1.604	960
1.612	1744	1.613	2040	1.613	1108
1.62	1840	1.621	2040	1.621	1108
1.629	1840	1.63	2040	1.629	1108
1.637	1840	1.638	2040	1.638	1036
1.645	2036	1.646	2040	1.647	1036
1.654	2036	1.655	2040	1.654	1036
1.662	2036	1.663	2040	1.663	1036
1.67	2040	1.671	2040	1.671	1036
1.679	2040	1.68	2040	1.679	1036
1.687	2040	1.688	2040	1.688	1176
1.695	2040	1.696	2040	1.696	1176
1.704	2040	1.705	2040	1.705	1176
1.712	2040	1.713	2040	1.713	1176
1.72	2040	1.721	2040	1.721	1176
1.729	2040	1.73	2040	1.729	1252
1.737	2040	1.738	2040	1.738	1252
1.746	2040	1.746	2040	1.746	1252
1.754	2040	1.755	2040	1.754	1176
1.762	2040	1.763	2040	1.763	1176
1.771	2040	1.772	2040	1.771	1176
1.779	2040	1.78	2040	1.78	1184
1.788	2040	1.788	2040	1.788	1184
1.796	2040	1.796	2040	1.796	1184
1.804	2040	1.806	2040	1.805	1236
1.812	2040	1.813	2040	1.813	1236
1.823	2040	1.824	2040	1.824	1236
1.832	2040	1.833	2040	1.832	908
1.84	2012	1.841	2040	1.841	908
1.848	2012	1.85	2040	1.849	908
1.857	2012	1.858	2040	1.857	1124
1.865	1832	1.866	2040	1.866	1124
1.873	1832	1.874	2040	1.874	1124
1.882	1920	1.883	2040	1.882	1124
1.89	1920	1.891	2040	1.891	1124
1.899	1920	1.899	2040	1.899	1292
1.907	2040	1.908	2040	1.908	1292
1.915	2040	1.916	2040	1.916	1292
1.924	2040	1.924	2040	1.925	1456
1.933	2008	1.933	2040	1.933	1456
1.94	2008	1.941	2040	1.941	1456
1.949	2008	1.949	2040	1.949	1416
1.958	1924	1.958	2040	1.958	1416
1.966	1924	1.966	2040	1.966	1416
1.974	1924	1.975	2040	1.975	1400
1.983	2040	1.983	2040	1.983	1400
1.991	2040	1.991	2040	1.991	1400
1.999	2040	2	2040	1.999	1352
2.008	2040	2.008	2040	2.008	1352
2.016	2040	2.016	2040	2.016	1352
2.025	1892	2.025	2040	2.025	1352
2.033	1892	2.033	2040	2.033	1352
2.041	1892	2.042	2040	2.041	1056
2.05	2040	2.05	2040	2.05	1056
2.058	2040	2.058	2040	2.058	1056
2.066	2040	2.067	2040	2.066	1124
2.075	2040	2.075	2040	2.075	1124
2.083	2040	2.083	2040	2.083	1124
2.091	2040	2.092	2040	2.091	1212
2.099	2040	2.1	2040	2.1	1212
2.108	2040	2.108	2040	2.108	1212
2.116	2040	2.117	2040	2.116	1084
2.125	2040	2.127	2040	2.127	1084
2.135	2040	2.135	2040	2.136	1084
2.143	2040	2.144	2040	2.144	968
2.152	2040	2.152	2040	2.153	968
2.16	2040	2.161	2040	2.16	968
2.168	2040	2.169	2040	2.169	1232
2.176	2040	2.177	2040	2.178	1232
2.185	2040	2.186	2040	2.185	1232
2.422	2040	2.426	2040	2.424	1444
2.432	1528	2.428	2040	2.426	1492
2.44	1528	2.436	2040	2.433	1492
2.445	1528	2.438	2040	2.439	1492
2.447	1388	2.444	2040	2.441	1304
2.453	1388	2.446	2040	2.444	1304
2.455	1388	2.451	1992	2.449	1304
2.456	1448	2.453	1992	2.451	1264
2.462	1448	2.455	1992	2.456	1264
2.464	1700	2.461	2004	2.458	1264
2.471	1700	2.463	2004	2.464	1264
2.48	1700	2.472	2040	2.473	1264
2.488	1476	2.48	2040	2.481	1184
2.496	1476	2.492	2040	2.489	1184
2.504	1476	2.497	2040	2.498	1184
2.513	1412	2.505	2040	2.506	1100
2.521	1412	2.513	2040	2.515	1100
2.53	1412	2.522	2040	2.523	1100
2.538	1536	2.533	2040	2.531	964
2.546	1536	2.542	2040	2.54	964
2.555	1536	2.55	2040	2.548	964
2.563	1472	2.558	2040	2.556	968
2.571	1472	2.567	2040	2.565	968
2.58	1472	2.575	2040	2.573	968
2.588	1468	2.583	2040	2.581	1064
2.596	1468	2.592	2040	2.59	1064
2.605	1580	2.6	2040	2.598	1064
2.613	1580	2.609	2040	2.607	1064
2.621	1580	2.617	2040	2.614	1064
2.63	1604	2.625	2040	2.623	1032
2.638	1604	2.634	2040	2.631	1032
2.646	1604	2.642	2040	2.639	1032
2.655	1464	2.65	2040	2.648	1188
2.663	1464	2.659	2040	2.656	1188
2.671	1464	2.667	2040	2.665	1188
2.68	1640	2.676	2040	2.673	1192
2.688	1640	2.684	2040	2.681	1192
2.697	1640	2.692	2040	2.69	1192
2.705	1756	2.7	2040	2.698	1196
2.713	1756	2.708	2040	2.706	1196
2.722	1756	2.717	2040	2.715	1196
2.73	1704	2.725	2040	2.723	1128
2.74	1704	2.734	2040	2.732	1128
2.752	1704	2.743	1944	2.741	1128
2.76	1560	2.751	1944	2.749	1152
2.765	1560	2.759	1944	2.758	1152
2.777	1232	2.768	1800	2.766	1152
2.785	1232	2.776	1800	2.775	1152
2.794	1232	2.784	1660	2.783	1152
2.802	1100	2.793	1660	2.792	1128
2.81	1100	2.801	1660	2.8	1128
2.818	1100	2.809	1696	2.808	1128
2.827	1048	2.818	1696	2.816	1212
2.836	1048	2.826	1696	2.825	1212
2.844	1048	2.835	1708	2.833	1212
2.853	1072	2.843	1708	2.842	1220
2.861	1072	2.851	1708	2.85	1220
2.869	1072	2.859	1680	2.858	1220
2.877	1028	2.868	1680	2.867	1180
2.886	1028	2.876	1680	2.875	1180
2.894	1028	2.884	1696	2.883	1180
2.903	1004	2.893	1696	2.891	1160
2.911	1004	2.901	1696	2.9	1160
2.919	1004	2.91	1620	2.908	1160
2.927	968	2.917	1620	2.917	1128
2.936	968	2.926	1620	2.925	1128
2.945	1012	2.935	1572	2.933	1128
2.953	1012	2.943	1572	2.942	1128
2.961	1012	2.952	1616	2.95	1128
2.969	1016	2.959	1616	2.959	1004
2.977	1016	2.968	1616	2.967	1004
2.986	1016	2.976	1724	2.975	1004
2.995	996	2.984	1724	2.984	1080
3.003	996	2.993	1724	2.992	1080
3.011	996	3.002	1632	3	1080
3.019	1020	3.009	1632	3.008	1028
3.028	1020	3.018	1632	3.017	1028
3.036	1020	3.026	1636	3.025	1028
3.044	1000	3.035	1636	3.034	1112
3.053	1000	3.045	1636	3.048	1112
3.061	1000	3.053	1656	3.056	1112
3.07	944	3.062	1656	3.064	1116
3.078	944	3.07	1656	3.073	1116
3.087	944	3.078	1656	3.081	1116
3.095	928	3.086	1656	3.089	1084
3.103	928	3.095	1656	3.097	1084
3.111	1004	3.103	1632	3.106	1084
3.12	1004	3.112	1632	3.114	1084
3.128	1004	3.12	1776	3.123	1084
3.137	968	3.128	1776	3.131	1156
3.145	968	3.137	1776	3.14	1156
3.153	968	3.145	1768	3.148	1156
3.162	856	3.153	1768	3.156	1120
3.17	856	3.162	1768	3.164	1120
3.178	856	3.17	1680	3.173	1120
3.186	840	3.178	1680	3.181	1072
3.195	840	3.187	1680	3.19	1072
3.203	840	3.195	1632	3.197	1072
3.212	864	3.203	1632	3.206	1044
3.22	864	3.212	1632	3.214	1044
3.228	864	3.22	1728	3.222	1044
3.236	804	3.229	1728	3.231	1124
3.245	804	3.237	1728	3.239	1124
3.253	868	3.245	1644	3.247	1124
3.265	868	3.254	1644	3.259	1124
3.271	868	3.264	1700	3.265	1124
3.279	944	3.27	1700	3.273	1088
3.287	944	3.279	1700	3.281	1088
3.295	944	3.287	1664	3.289	1088
3.304	1032	3.295	1664	3.297	1140
3.312	1032	3.304	1664	3.306	1140
3.32	1032	3.312	1636	3.314	1140
3.328	1224	3.32	1636	3.322	1140
3.337	1224	3.329	1636	3.331	1140
3.345	1224	3.337	1624	3.339	1140
3.354	1192	3.345	1624	3.347	1148
3.363	1192	3.355	1624	3.356	1148
3.379	1192	3.368	1512	3.373	1148
3.381	1064	3.378	1512	3.375	1136
3.388	1064	3.383	1512	3.381	1136
3.398	1064	3.389	1396	3.392	1136
3.406	976	3.401	1396	3.399	1148
3.415	976	3.405	1396	3.408	1148
3.423	976	3.418	1436	3.416	1148
3.431	992	3.422	1436	3.424	1188
3.439	992	3.435	1436	3.432	1188
3.447	992	3.438	1616	3.44	1188
3.455	996	3.447	1616	3.449	1228
3.464	996	3.455	1616	3.457	1228
3.471	996	3.464	1768	3.465	1228
3.481	896	3.472	1768	3.475	1228
3.488	896	3.484	1768	3.482	1228
3.497	864	3.493	1660	3.491	1228
3.504	864	3.5	1660	3.498	1228
3.513	864	3.508	1396	3.506	1228
3.522	904	3.517	1396	3.516	1104
3.53	904	3.524	1396	3.522	1104
3.538	904	3.531	1388	3.533	1104
3.546	824	3.539	1388	3.54	1072
3.555	824	3.55	1388	3.548	1072
3.563	824	3.555	1532	3.556	1072
3.571	728	3.567	1532	3.565	1020
3.58	728	3.575	1532	3.573	1020
3.588	728	3.583	1472	3.582	1020
3.596	728	3.592	1472	3.589	1016
3.605	728	3.6	1272	3.598	1016
3.613	736	3.608	1272	3.606	1020
3.622	736	3.617	1272	3.615	1020
3.63	736	3.625	1192	3.623	1020
3.638	728	3.634	1192	3.631	984
3.646	728	3.642	1192	3.64	984
3.655	728	3.65	1324	3.648	984
3.665	748	3.659	1324	3.656	1008
3.674	748	3.668	1324	3.667	1008
3.682	748	3.676	1420	3.674	1008
3.69	768	3.684	1420	3.683	1076
3.699	768	3.692	1420	3.691	1076
3.707	768	3.701	1412	3.699	1076
3.716	800	3.709	1412	3.707	1100
3.724	800	3.717	1412	3.716	1100
3.732	800	3.726	1388	3.724	1100
3.74	808	3.734	1388	3.733	1072
3.749	808	3.742	1388	3.741	1072
3.757	808	3.751	1592	3.75	1072
3.765	776	3.759	1592	3.758	1120
3.777	776	3.768	1592	3.766	1120
3.785	776	3.776	1604	3.775	1120
3.79	776	3.784	1604	3.783	1156
3.802	776	3.793	1604	3.791	1156
3.807	776	3.801	1504	3.8	1156
3.818	784	3.809	1504	3.808	1072
3.824	784	3.817	1504	3.816	1072
3.835	776	3.826	1532	3.825	1072
3.843	776	3.834	1532	3.833	1072
3.852	776	3.842	1636	3.841	1072
3.86	792	3.851	1636	3.85	1080
3.869	792	3.859	1636	3.858	1080
3.877	792	3.868	1668	3.867	1080
3.885	788	3.876	1668	3.875	1100
3.894	788	3.884	1668	3.883	1100
3.902	788	3.893	1612	3.891	1100
3.911	868	3.901	1612	3.9	1116
3.919	868	3.91	1612	3.908	1116
3.927	868	3.918	1580	3.916	1116
3.936	944	3.926	1580	3.925	1124
3.944	944	3.934	1580	3.933	1124
3.952	944	3.943	1560	3.942	1124
3.961	1036	3.951	1560	3.95	1112
3.969	1036	3.959	1560	3.958	1112
3.977	1036	3.968	1520	3.968	1112
3.986	1020	3.977	1520	3.977	1196
3.994	1020	3.985	1520	3.985	1196
4.002	1020	3.993	1412	3.993	1196
4.011	948	4.002	1412	4.002	1176
4.019	948	4.01	1412	4.01	1176
4.027	948	4.019	1288	4.019	1176
4.036	884	4.027	1288	4.027	1192
4.044	884	4.036	1288	4.035	1192
4.052	884	4.044	1184	4.043	1192
4.061	796	4.052	1184	4.052	1204
4.069	796	4.06	1184	4.06	1204
4.077	768	4.069	1292	4.068	1204
4.086	768	4.077	1292	4.077	1204
4.094	768	4.085	1372	4.085	1204
4.103	764	4.094	1372	4.093	1180
4.112	764	4.103	1372	4.105	1180
4.13	764	4.111	1336	4.122	1180
4.149	744	4.129	1336	4.139	1132
4.16	744	4.148	1336	4.154	1132
4.178	744	4.167	1244	4.165	1132
4.187	740	4.177	1244	4.181	1124
4.193	740	4.187	1244	4.185	1124
4.196	740	4.192	1192	4.19	1124
4.198	720	4.195	1192	4.192	1040
4.202	720	4.196	1192	4.197	1040
4.204	720	4.201	1264	4.199	1040
4.206	704	4.203	1264	4.2	1040
4.211	704	4.204	1264	4.205	1040
4.219	704	4.211	1288	4.213	1040
4.228	704	4.219	1288	4.219	1040
4.236	704	4.227	1288	4.23	1040
4.245	704	4.236	1268	4.239	1040
4.253	700	4.244	1268	4.247	1032
4.261	700	4.252	1268	4.255	1032
4.27	700	4.261	1220	4.264	1032
4.278	740	4.269	1220	4.272	1040
4.287	740	4.279	1220	4.28	1040
4.295	760	4.287	1272	4.289	1040
4.303	760	4.296	1272	4.297	1040
4.311	760	4.304	1364	4.305	1040
4.32	752	4.312	1364	4.313	1080
4.328	752	4.32	1364	4.322	1080
4.336	752	4.329	1404	4.33	1080
4.345	764	4.337	1404	4.338	1108
4.353	764	4.345	1404	4.347	1108
4.362	764	4.354	1404	4.355	1108
4.37	728	4.362	1404	4.364	1092
4.378	728	4.371	1404	4.372	1092
4.387	728	4.379	1384	4.38	1092
4.395	708	4.387	1384	4.389	1096
4.403	708	4.396	1384	4.397	1096
4.412	680	4.404	1412	4.405	1096
4.438	680	4.412	1412	4.432	1096
4.44	680	4.437	1388	4.434	1096
4.447	656	4.443	1388	4.441	1096
4.449	656	4.445	1388	4.443	1096
4.454	656	4.45	1328	4.449	1096
4.462	636	4.454	1328	4.455	1060
4.471	636	4.463	1328	4.464	1060
4.479	636	4.471	1332	4.472	1060
4.487	604	4.479	1332	4.48	1076
4.495	604	4.488	1332	4.489	1076
4.504	604	4.496	1372	4.497	1076
4.512	608	4.504	1372	4.505	1072
4.52	608	4.513	1372	4.513	1072
4.529	608	4.521	1380	4.522	1072
4.537	612	4.529	1380	4.53	1064
4.545	612	4.538	1380	4.538	1064
4.554	612	4.546	1356	4.547	1064
4.562	668	4.555	1356	4.555	1068
4.57	668	4.563	1356	4.564	1068
4.579	668	4.571	1400	4.572	1068
4.589	772	4.58	1400	4.58	1092
4.598	772	4.592	1400	4.59	1092
4.606	772	4.6	1416	4.598	1092
4.614	828	4.608	1416	4.606	1168
4.623	828	4.617	1416	4.615	1168
4.631	888	4.625	1404	4.623	1168
4.639	888	4.633	1404	4.632	1168
4.648	888	4.641	1376	4.64	1168
4.656	900	4.651	1376	4.649	1176
4.665	900	4.658	1376	4.657	1176
4.673	900	4.667	1308	4.665	1176
4.681	876	4.675	1308	4.673	1180
4.69	876	4.683	1308	4.682	1180
4.698	876	4.691	1284	4.69	1180
4.706	804	4.7	1284	4.698	1208
4.715	804	4.708	1284	4.707	1208
4.723	804	4.716	1292	4.715	1208
4.731	772	4.725	1292	4.724	1188
4.74	772	4.733	1292	4.732	1188
4.748	764	4.742	1300	4.74	1188
4.756	764	4.75	1300	4.749	1188
4.765	764	4.758	1292	4.757	1188
4.773	744	4.767	1292	4.765	1160
4.782	744	4.775	1292	4.774	1160
4.79	744	4.783	1252	4.782	1160
4.798	700	4.792	1252	4.79	1140
4.807	700	4.8	1252	4.799	1140
4.815	700	4.809	1196	4.807	1140
4.823	664	4.816	1196	4.815	1084
4.832	664	4.825	1196	4.824	1084
4.84	664	4.833	1168	4.832	1084
4.848	612	4.842	1168	4.84	1040
4.857	612	4.851	1168	4.849	1040
4.865	612	4.858	1108	4.857	1040
4.873	604	4.867	1108	4.866	1016
4.882	604	4.875	1108	4.874	1016
4.89	604	4.883	1036	4.882	1016
4.903	608	4.892	1036	4.89	996
4.911	608	4.902	1036	4.901	996
4.918	608	4.91	1028	4.91	996
4.927	584	4.918	1028	4.918	1012
4.935	584	4.927	1028	4.927	1012
4.943	604	4.935	1092	4.935	1012
4.952	604	4.944	1092	4.943	1012
4.96	604	4.952	1120	4.952	1012
4.969	628	4.96	1120	4.96	1052
4.977	628	4.968	1120	4.968	1052
4.985	628	4.977	1136	4.977	1052
4.994	664	4.985	1136	4.985	1064
5.002	664	4.994	1136	4.993	1064
5.01	664	5.002	1180	5.002	1064
5.019	676	5.01	1180	5.01	1072
5.027	676	5.019	1180	5.019	1072
5.036	676	5.027	1308	5.027	1072
5.044	652	5.036	1308	5.035	1112
5.052	652	5.044	1308	5.044	1112
5.06	652	5.052	1296	5.052	1112
5.069	648	5.061	1296	5.06	1108
5.078	648	5.069	1296	5.069	1108
5.086	684	5.077	1272	5.077	1108
5.094	684	5.086	1272	5.085	1108
5.102	684	5.094	1308	5.094	1108
5.111	680	5.102	1308	5.102	1064
5.119	680	5.111	1308	5.11	1064
5.128	680	5.119	1372	5.119	1064
5.136	592	5.127	1372	5.13	1088
5.144	592	5.136	1372	5.135	1088
5.153	592	5.144	1292	5.147	1088
5.161	584	5.152	1292	5.155	1024
5.169	584	5.161	1292	5.163	1024
5.177	584	5.169	1276	5.171	1024
5.186	592	5.178	1276	5.18	1044
5.194	592	5.186	1276	5.188	1044
5.202	592	5.194	1308	5.196	1044
5.212	552	5.203	1308	5.205	1064
5.221	552	5.213	1308	5.214	1064
5.229	552	5.222	1320	5.222	1064
5.237	592	5.23	1320	5.231	1100
5.246	592	5.238	1320	5.239	1100
5.254	592	5.247	1292	5.247	1100
5.263	656	5.255	1292	5.255	1096
5.271	656	5.263	1292	5.264	1096
5.279	656	5.275	1268	5.273	1096
5.288	688	5.28	1268	5.281	1128
5.296	688	5.288	1268	5.289	1128
5.304	708	5.299	1244	5.297	1128
5.313	708	5.308	1244	5.306	1128
5.321	708	5.313	1252	5.314	1128
5.329	756	5.324	1252	5.322	1208
5.338	756	5.333	1252	5.332	1208
5.346	756	5.341	1196	5.339	1208
5.354	748	5.35	1196	5.348	1176
5.363	748	5.358	1196	5.356	1176
5.371	748	5.366	1140	5.364	1176
5.38	716	5.375	1140	5.373	1204
5.388	716	5.383	1140	5.381	1204
5.396	716	5.391	1144	5.389	1204
5.405	704	5.4	1144	5.398	1220
5.413	704	5.408	1144	5.406	1220
5.421	704	5.416	1156	5.414	1220
5.43	688	5.425	1156	5.422	1184
5.438	688	5.433	1156	5.431	1184
5.446	688	5.442	1184	5.439	1184
5.455	696	5.45	1184	5.448	1160
5.463	696	5.458	1184	5.456	1160
5.472	696	5.466	1192	5.464	1160
5.48	688	5.475	1192	5.473	1148
5.488	688	5.483	1192	5.481	1148
5.497	644	5.492	1204	5.489	1148
5.505	644	5.5	1204	5.498	1148
5.513	644	5.509	1176	5.506	1148
5.523	624	5.517	1176	5.514	1080
5.531	624	5.525	1176	5.524	1080
5.54	624	5.534	1108	5.532	1080
5.548	596	5.542	1108	5.541	1060
5.557	596	5.55	1108	5.549	1060
5.565	596	5.559	1040	5.557	1060
5.573	580	5.567	1040	5.566	1040
5.582	580	5.575	1040	5.574	1040
5.59	580	5.583	1072	5.582	1040
5.598	564	5.592	1072	5.591	1016
5.607	564	5.6	1072	5.599	1016
5.615	564	5.609	1076	5.607	1016
5.624	540	5.617	1076	5.616	1024
5.632	540	5.625	1076	5.624	1024
5.64	540	5.634	1028	5.632	1024
5.649	540	5.642	1028	5.641	1024
5.657	540	5.65	964	5.649	1024
5.665	584	5.659	964	5.658	1040
5.674	584	5.667	964	5.666	1040
5.682	584	5.675	1052	5.674	1040
5.69	608	5.684	1052	5.682	1064
5.699	608	5.692	1052	5.691	1064
5.707	608	5.701	1188	5.699	1064
5.716	584	5.709	1188	5.708	1104
5.727	584	5.717	1188	5.716	1104
5.732	584	5.726	1228	5.724	1104
5.743	560	5.734	1228	5.733	1120
5.752	560	5.742	1228	5.741	1120
5.76	560	5.751	1176	5.75	1120
5.768	668	5.759	1176	5.758	1076
5.777	668	5.768	1176	5.766	1076
5.785	668	5.776	1276	5.775	1076
5.794	628	5.784	1276	5.783	1064
5.802	628	5.793	1276	5.791	1064
5.81	628	5.801	1368	5.8	1064
5.818	508	5.809	1368	5.808	1104
5.827	508	5.817	1368	5.817	1104
5.835	508	5.826	1240	5.825	1104
5.843	488	5.835	1240	5.835	1076
5.852	488	5.843	1240	5.843	1076
5.86	616	5.852	1064	5.851	1076
5.869	616	5.86	1064	5.859	1076
5.877	616	5.868	1224	5.868	1076
5.885	564	5.876	1224	5.876	1100
5.894	564	5.885	1224	5.885	1100
5.902	564	5.893	1380	5.893	1100
5.91	504	5.902	1380	5.901	1112
5.919	504	5.91	1380	5.91	1112
5.927	504	5.918	1292	5.918	1112
5.935	540	5.927	1292	5.926	1092
5.943	540	5.935	1292	5.935	1092
5.952	540	5.943	1192	5.943	1092
5.96	588	5.952	1192	5.952	1080
5.969	588	5.96	1192	5.96	1080
5.977	588	5.968	1148	5.968	1080
5.985	596	5.977	1148	5.977	1120
5.994	596	5.985	1148	5.985	1120
6.002	612	5.993	1224	5.993	1120
6.011	612	6.002	1224	6.002	1120
6.018	612	6.01	1200	6.01	1120
6.027	660	6.019	1200	6.018	1196
6.035	660	6.027	1200	6.027	1196
6.044	660	6.035	1160	6.035	1196
6.052	660	6.044	1160	6.043	1192
6.06	660	6.052	1160	6.052	1192
6.069	660	6.06	1088	6.06	1192
6.077	640	6.069	1088	6.068	1176
6.085	640	6.077	1088	6.077	1176
6.094	640	6.085	1064	6.085	1176
6.102	640	6.094	1064	6.094	1204
6.111	640	6.102	1064	6.102	1204
6.119	640	6.11	1092	6.11	1204
6.127	640	6.119	1092	6.118	1188
6.136	640	6.127	1092	6.127	1188
6.145	640	6.135	1120	6.139	1188
6.154	636	6.147	1120	6.148	1172
6.162	636	6.155	1120	6.155	1172
6.171	612	6.163	1128	6.164	1172
6.179	612	6.171	1128	6.172	1172
6.187	612	6.18	1104	6.181	1172
6.196	632	6.188	1104	6.189	1108
6.204	632	6.196	1104	6.197	1108
6.212	632	6.205	1076	6.206	1108
6.221	604	6.213	1076	6.214	1092
6.229	604	6.222	1076	6.222	1092
6.237	604	6.23	1092	6.231	1092
6.246	560	6.238	1092	6.239	1072
6.254	560	6.247	1092	6.247	1072
6.263	560	6.258	1076	6.256	1072
6.271	548	6.266	1076	6.264	1048
6.279	548	6.272	1076	6.272	1048
6.288	544	6.283	1024	6.281	1048
6.296	544	6.291	1024	6.289	1048
6.304	544	6.299	992	6.297	1048
6.313	556	6.308	992	6.306	1056
6.321	556	6.314	992	6.314	1056
6.329	556	6.324	1036	6.322	1056
6.338	520	6.333	1036	6.332	1044
6.346	520	6.341	1036	6.339	1044
6.355	520	6.349	1060	6.347	1044
6.363	508	6.358	1060	6.356	1076
6.371	508	6.366	1060	6.364	1076
6.38	508	6.374	1012	6.372	1076
6.388	504	6.383	1012	6.38	1052
6.396	504	6.392	1012	6.389	1052
6.405	504	6.4	928	6.398	1052
6.413	584	6.409	928	6.407	1068
6.422	584	6.416	928	6.414	1068
6.431	584	6.427	1116	6.425	1068
6.438	540	6.435	1116	6.432	1104
6.447	540	6.442	1116	6.44	1104
6.457	540	6.45	1196	6.449	1104
6.465	500	6.459	1196	6.457	1108
6.474	500	6.467	1196	6.466	1108
6.482	500	6.476	1132	6.474	1108
6.49	500	6.484	1132	6.482	1080
6.499	500	6.492	1132	6.491	1080
6.507	500	6.501	1016	6.499	1080
6.515	572	6.509	1016	6.508	1060
6.524	572	6.517	1016	6.516	1060
6.532	528	6.525	1172	6.524	1060
6.54	528	6.534	1172	6.533	1060
6.549	528	6.542	1280	6.541	1060
6.557	484	6.551	1280	6.549	1076
6.565	484	6.559	1280	6.558	1076
6.574	484	6.567	1228	6.566	1076
6.582	508	6.576	1228	6.574	1064
6.594	508	6.584	1228	6.583	1064
6.602	508	6.592	1116	6.591	1064
6.61	516	6.601	1116	6.599	1044
6.619	516	6.609	1116	6.608	1044
6.627	516	6.618	1136	6.616	1044
6.635	492	6.626	1136	6.624	1104
6.644	492	6.635	1136	6.633	1104
6.652	492	6.643	1200	6.641	1104
6.66	508	6.651	1200	6.65	1100
6.669	508	6.659	1200	6.658	1100
6.677	508	6.667	1168	6.667	1100
6.685	548	6.676	1168	6.675	1100
6.694	548	6.684	1168	6.683	1100
6.702	548	6.693	1124	6.692	1100
6.711	556	6.701	1124	6.7	1128
6.719	556	6.709	1124	6.708	1128
6.727	556	6.718	1128	6.717	1128
6.736	544	6.726	1128	6.725	1184
6.744	544	6.734	1128	6.733	1184
6.753	572	6.743	1116	6.742	1184
6.76	572	6.751	1116	6.75	1184
6.769	572	6.761	1080	6.763	1184
6.778	596	6.769	1080	6.772	1172
6.786	596	6.777	1080	6.777	1172
6.795	596	6.786	1036	6.789	1172
6.803	568	6.794	1036	6.797	1184
6.811	568	6.803	1036	6.805	1184
6.819	568	6.811	1024	6.813	1184
6.827	576	6.819	1024	6.822	1204
6.836	576	6.827	1024	6.83	1204
6.845	576	6.836	1040	6.839	1204
6.853	576	6.844	1040	6.847	1152
6.861	576	6.853	1040	6.855	1152
6.87	584	6.861	1040	6.864	1152
6.878	584	6.869	1040	6.872	1152
6.886	584	6.878	1036	6.88	1152
6.895	588	6.886	1036	6.889	1144
6.903	588	6.894	1036	6.896	1144
6.911	588	6.903	1056	6.906	1144
6.92	560	6.911	1056	6.914	1112
6.928	560	6.92	1056	6.922	1112
6.936	560	6.928	1036	6.931	1112
6.945	560	6.936	1036	6.939	1096
6.953	560	6.945	1036	6.947	1096
6.962	560	6.953	992	6.956	1096
6.97	548	6.961	992	6.964	1064
6.978	548	6.97	992	6.972	1064
6.986	548	6.978	1008	6.981	1064
6.995	524	6.986	1008	6.989	1072
7.003	524	6.995	1008	6.997	1072
7.011	524	7.003	1020	7.006	1072
7.02	508	7.012	1020	7.013	1076
7.028	508	7.02	1020	7.022	1076
7.037	508	7.028	980	7.032	1076
7.045	504	7.037	980	7.038	1072
7.053	504	7.045	980	7.048	1072
7.061	504	7.053	892	7.055	1072
7.07	500	7.062	892	7.064	1060
7.08	500	7.075	892	7.073	1060
7.089	500	7.084	920	7.082	1060
7.097	512	7.093	920	7.09	1064
7.106	512	7.1	920	7.099	1064
7.113	512	7.109	992	7.107	1064
7.122	532	7.117	992	7.115	1076
7.13	532	7.125	992	7.123	1076
7.139	508	7.134	1056	7.132	1076
7.147	508	7.143	1056	7.14	1076
7.155	508	7.151	1036	7.148	1076
7.164	500	7.159	1036	7.157	1084
7.172	500	7.167	1036	7.165	1084
7.18	500	7.175	992	7.173	1084
7.189	524	7.184	992	7.182	1056
7.197	524	7.192	992	7.19	1056
7.205	524	7.2	1028	7.198	1056
7.214	560	7.209	1028	7.207	1072
7.222	560	7.217	1028	7.215	1072
7.231	560	7.225	1132	7.223	1072
7.239	448	7.234	1132	7.232	1092
7.247	448	7.242	1132	7.24	1092
7.256	448	7.251	1064	7.249	1092
7.264	460	7.258	1064	7.256	1040
7.273	460	7.267	1064	7.265	1040
7.281	508	7.275	960	7.273	1040
7.289	508	7.284	960	7.282	1040
7.298	508	7.292	1012	7.29	1040
7.306	516	7.301	1012	7.299	1060
7.314	516	7.309	1012	7.307	1060
7.323	516	7.317	1132	7.315	1060
7.331	488	7.325	1132	7.323	1100
7.339	488	7.333	1132	7.331	1100
7.348	488	7.342	1208	7.34	1100
7.356	472	7.35	1208	7.349	1100
7.364	472	7.359	1208	7.357	1100
7.373	472	7.367	1044	7.365	1100
7.381	488	7.375	1044	7.373	1088
7.393	488	7.383	1044	7.383	1088
7.402	488	7.393	988	7.391	1088
7.41	492	7.401	988	7.4	1108
7.418	492	7.409	988	7.408	1108
7.427	492	7.417	1028	7.416	1108
7.435	492	7.426	1028	7.425	1148
7.443	492	7.434	1028	7.433	1148
7.452	524	7.442	1104	7.441	1148
7.46	524	7.451	1104	7.45	1148
7.471	524	7.459	1052	7.458	1148
7.477	520	7.47	1052	7.468	1164
7.485	520	7.476	1052	7.475	1164
7.494	520	7.484	1008	7.483	1164
7.502	520	7.493	1008	7.491	1144
7.51	520	7.501	1008	7.5	1144
7.519	520	7.509	996	7.508	1144
7.527	532	7.518	996	7.517	1156
7.535	532	7.526	996	7.525	1156
7.544	532	7.534	1032	7.533	1156
7.552	540	7.543	1032	7.542	1192
7.56	540	7.551	1032	7.55	1192
7.569	540	7.559	1056	7.559	1192
7.577	528	7.568	1056	7.567	1184
7.585	528	7.576	1056	7.575	1184
7.594	528	7.584	996	7.583	1184
7.602	536	7.593	996	7.592	1120
7.611	536	7.601	996	7.6	1120
7.618	528	7.61	960	7.608	1120
7.627	528	7.618	960	7.617	1120
7.635	528	7.626	948	7.625	1120
7.644	556	7.634	948	7.633	1128
7.653	556	7.643	948	7.642	1128
7.66	556	7.651	996	7.65	1128
7.669	516	7.66	996	7.659	1128
7.677	516	7.668	996	7.667	1128
7.685	516	7.676	1044	7.675	1128
7.694	508	7.684	1044	7.684	1104
7.702	508	7.693	1044	7.696	1104
7.712	508	7.702	968	7.702	1104
7.719	488	7.711	968	7.713	1068
7.727	488	7.719	968	7.721	1068
7.736	488	7.727	884	7.727	1068
7.744	496	7.736	884	7.735	1072
7.753	496	7.744	884	7.747	1072
7.761	496	7.752	844	7.755	1072
7.769	508	7.761	844	7.763	1084
7.777	508	7.769	844	7.769	1084
7.786	508	7.778	992	7.78	1084
7.794	496	7.786	992	7.788	1076
7.803	496	7.794	992	7.796	1076
7.812	496	7.803	1044	7.806	1076
7.819	480	7.811	1044	7.813	1100
7.827	480	7.819	1044	7.822	1100
7.836	480	7.828	1008	7.831	1100
7.844	488	7.836	1008	7.838	1088
7.853	488	7.844	1008	7.847	1088
7.861	496	7.853	912	7.855	1088
7.869	496	7.861	912	7.864	1088
7.878	496	7.87	984	7.872	1088
7.886	460	7.878	984	7.88	1084
7.894	460	7.886	984	7.889	1084
7.903	460	7.894	1024	7.897	1084
7.911	448	7.903	1024	7.905	1088
7.919	448	7.911	1024	7.913	1088
7.928	448	7.92	992	7.923	1088
7.936	480	7.928	992	7.931	1060
7.945	480	7.936	992	7.938	1060
7.953	480	7.945	956	7.947	1060
7.961	500	7.953	956	7.955	1068
7.97	500	7.961	956	7.964	1068
7.978	500	7.97	972	7.972	1068
7.987	456	7.978	972	7.98	1100
7.994	456	7.986	972	7.989	1100
8.003	456	7.995	1068	7.997	1100
8.013	460	8.003	1068	8.006	1068
8.021	460	8.013	1068	8.014	1068
8.029	464	8.024	1044	8.022	1068
8.038	464	8.033	1044	8.031	1068
8.046	464	8.038	992	8.04	1068
8.054	464	8.049	992	8.048	1076
8.063	464	8.058	992	8.055	1076
8.071	464	8.066	976	8.064	1076
8.08	464	8.072	976	8.072	1068
8.088	464	8.08	976	8.082	1068
8.096	464	8.091	1072	8.089	1068
8.105	480	8.1	1072	8.098	1108
8.113	480	8.109	1072	8.107	1108
8.121	480	8.116	1092	8.114	1108
8.13	464	8.125	1092	8.123	1104
8.138	464	8.133	1092	8.132	1104
8.147	464	8.142	1036	8.14	1104
8.155	440	8.151	1036	8.148	1144
8.163	440	8.158	1036	8.156	1144
8.172	480	8.167	960	8.165	1144
8.18	480	8.176	960	8.174	1144
8.188	480	8.184	968	8.181	1144
8.197	476	8.192	968	8.19	1108
8.205	476	8.2	968	8.198	1108
8.213	476	8.208	1060	8.206	1108
8.222	480	8.217	1060	8.215	1164
8.23	480	8.225	1060	8.223	1164
8.238	480	8.233	1032	8.231	1164
8.247	488	8.242	1032	8.24	1128
8.255	488	8.25	1032	8.248	1128
8.263	488	8.258	968	8.256	1128
8.272	508	8.267	968	8.265	1136
8.28	508	8.275	968	8.273	1136
8.288	508	8.283	956	8.281	1136
8.297	500	8.292	956	8.29	1156
8.305	500	8.3	956	8.298	1156
8.313	500	8.309	1008	8.307	1156
8.323	512	8.317	1008	8.315	1116
8.332	512	8.325	1008	8.324	1116
8.34	512	8.333	1024	8.332	1116
8.348	516	8.341	1024	8.34	1144
8.357	516	8.35	1024	8.349	1144
8.365	516	8.358	1004	8.357	1144
8.373	508	8.367	1004	8.366	1156
8.382	508	8.375	1004	8.374	1156
8.39	508	8.384	968	8.382	1156
8.399	504	8.393	968	8.391	1136
8.407	504	8.4	968	8.399	1136
8.416	492	8.409	932	8.408	1136
8.424	492	8.417	932	8.416	1136
8.432	492	8.425	936	8.425	1136
8.44	496	8.434	936	8.433	1120
8.449	496	8.442	936	8.441	1120
8.457	496	8.451	932	8.449	1120
8.465	504	8.458	932	8.458	1104
8.474	504	8.467	932	8.466	1104
8.482	504	8.475	944	8.474	1104
8.491	500	8.483	944	8.483	1104
8.501	500	8.492	944	8.491	1104
8.507	500	8.5	960	8.5	1104
8.518	476	8.509	960	8.508	1092
8.524	476	8.517	960	8.516	1092
8.535	476	8.525	924	8.525	1092
8.543	492	8.534	924	8.533	1060
8.552	492	8.542	924	8.541	1060
8.56	492	8.551	916	8.55	1060
8.568	472	8.559	916	8.558	1096
8.576	472	8.567	916	8.566	1096
8.584	472	8.575	924	8.575	1096
8.593	476	8.584	924	8.583	1108
8.601	476	8.592	924	8.591	1108
8.61	476	8.6	932	8.6	1108
8.618	480	8.609	932	8.608	1072
8.626	480	8.617	932	8.616	1072
8.636	472	8.625	952	8.625	1072
8.644	472	8.635	952	8.635	1072
8.653	472	8.644	972	8.647	1072
8.66	448	8.652	972	8.654	1096
8.669	448	8.661	972	8.663	1096
8.677	448	8.669	960	8.671	1096
8.686	476	8.678	960	8.68	1100
8.694	476	8.686	960	8.689	1100
8.703	476	8.694	952	8.696	1100
8.713	508	8.703	952	8.707	1068
8.719	508	8.712	952	8.713	1068
8.729	508	8.719	1008	8.719	1068
8.736	448	8.728	1008	8.73	1100
8.744	448	8.736	1008	8.738	1100
8.753	448	8.744	1060	8.747	1100
8.761	432	8.753	1060	8.754	1084
8.769	432	8.761	1060	8.764	1084
8.778	448	8.77	992	8.772	1084
8.786	448	8.778	992	8.78	1084
8.794	448	8.786	928	8.789	1084
8.803	436	8.795	928	8.797	1084
8.811	436	8.803	928	8.806	1084
8.819	436	8.811	900	8.813	1084
8.828	464	8.82	900	8.822	1100
8.836	464	8.828	900	8.831	1100
8.845	464	8.837	1080	8.839	1100
8.853	456	8.845	1080	8.847	1096
8.861	456	8.853	1080	8.855	1096
8.87	456	8.862	1080	8.864	1096
8.878	448	8.87	1080	8.872	1132
8.887	448	8.878	1080	8.881	1132
8.895	448	8.887	1004	8.89	1132
8.903	448	8.895	1004	8.897	1108
8.911	448	8.903	1004	8.905	1108
8.92	448	8.912	928	8.914	1108
8.928	436	8.92	928	8.922	1100
8.937	436	8.929	928	8.931	1100
8.944	436	8.937	912	8.938	1100
8.955	424	8.945	912	8.947	1116
8.964	424	8.958	912	8.956	1116
8.972	424	8.967	968	8.965	1116
8.981	468	8.975	968	8.973	1116
8.989	468	8.983	968	8.981	1116
8.997	468	8.992	980	8.99	1116
9.005	480	9	980	8.998	1124
9.014	480	9.008	980	9.007	1124
9.022	480	9.016	960	9.015	1124
9.031	480	9.025	960	9.023	1124
9.039	480	9.033	1004	9.032	1124
9.047	476	9.042	1004	9.04	1120
9.056	476	9.051	1004	9.048	1120
9.064	476	9.058	980	9.056	1120
9.073	468	9.067	980	9.065	1108
9.081	468	9.075	980	9.073	1108
9.089	468	9.083	920	9.081	1108
9.098	496	9.092	920	9.09	1104
9.106	496	9.1	920	9.098	1104
9.114	496	9.109	912	9.107	1104
9.123	492	9.116	912	9.115	1112
9.131	492	9.125	912	9.123	1112
9.14	492	9.133	944	9.132	1112
9.148	476	9.142	944	9.14	1112
9.156	476	9.15	944	9.149	1112
9.164	480	9.158	960	9.157	1112
9.173	480	9.167	960	9.165	1112
9.181	480	9.175	908	9.173	1112
9.19	480	9.183	908	9.182	1108
9.198	480	9.192	908	9.19	1108
9.206	480	9.2	892	9.199	1108
9.215	472	9.208	892	9.207	1108
9.223	472	9.217	892	9.215	1108
9.231	472	9.225	920	9.223	1108
9.24	468	9.233	920	9.232	1104
9.248	468	9.241	920	9.24	1104
9.256	468	9.252	948	9.249	1104
9.265	488	9.258	948	9.257	1092
9.276	488	9.267	948	9.266	1092
9.284	488	9.275	932	9.275	1092
9.294	484	9.284	932	9.283	1100
9.301	484	9.293	932	9.291	1100
9.311	484	9.3	924	9.3	1100
9.318	460	9.309	924	9.308	1100
9.327	460	9.317	924	9.316	1100
9.335	476	9.325	932	9.325	1100
9.343	476	9.334	932	9.333	1100
9.352	476	9.342	952	9.342	1100
9.36	476	9.351	952	9.35	1092
9.369	476	9.359	952	9.358	1092
9.377	476	9.367	964	9.366	1092
9.394	460	9.377	964	9.388	1100
9.413	460	9.404	964	9.402	1100
9.416	460	9.411	956	9.411	1100
9.429	484	9.418	956	9.416	1092
9.432	484	9.427	956	9.426	1092
9.439	484	9.433	984	9.431	1092
9.444	460	9.438	984	9.438	1092
9.455	460	9.451	984	9.449	1092
9.459	460	9.454	976	9.451	1092
9.462	440	9.458	976	9.456	1112
9.469	440	9.461	976	9.46	1112
9.478	440	9.468	944	9.467	1112
9.485	480	9.477	944	9.475	1088
9.494	480	9.484	944	9.484	1088
9.502	476	9.493	972	9.492	1088
9.51	476	9.501	972	9.5	1088
9.519	476	9.51	1016	9.508	1088
9.527	440	9.518	1016	9.517	1124
9.536	440	9.526	1016	9.525	1124
9.543	440	9.534	1020	9.534	1124
9.552	416	9.543	1020	9.542	1100
9.56	416	9.551	1020	9.55	1100
9.569	416	9.559	872	9.559	1100
9.577	444	9.568	872	9.567	1080
9.585	444	9.576	872	9.576	1080
9.594	444	9.586	860	9.589	1080
9.603	476	9.594	860	9.597	1104
9.611	476	9.603	860	9.605	1104
9.619	476	9.611	964	9.613	1104
9.628	464	9.619	964	9.622	1112
9.638	464	9.634	964	9.633	1112
9.645	464	9.637	1052	9.639	1112
9.653	444	9.645	1052	9.648	1116
9.662	444	9.653	1052	9.655	1116
9.67	444	9.661	972	9.665	1116
9.679	428	9.67	972	9.673	1112
9.686	428	9.678	972	9.681	1112
9.695	428	9.687	848	9.689	1112
9.704	452	9.695	848	9.698	1096
9.712	452	9.704	848	9.706	1096
9.72	452	9.712	856	9.714	1096
9.728	452	9.72	856	9.722	1092
9.738	452	9.728	856	9.731	1092
9.746	452	9.737	952	9.74	1092
9.753	444	9.746	952	9.747	1112
9.762	444	9.754	952	9.756	1112
9.77	452	9.762	1032	9.765	1112
9.778	452	9.77	1032	9.772	1112
9.787	452	9.778	908	9.781	1112
9.795	452	9.787	908	9.789	1108
9.803	452	9.795	908	9.797	1108
9.812	452	9.803	860	9.806	1108
9.82	460	9.812	860	9.814	1108
9.828	460	9.82	860	9.822	1108
9.837	460	9.829	912	9.831	1108
9.845	456	9.837	912	9.839	1096
9.853	456	9.845	912	9.847	1096
9.861	456	9.853	980	9.855	1096
9.87	476	9.862	980	9.864	1116
9.878	476	9.87	980	9.872	1116
9.886	476	9.878	976	9.88	1116
9.895	460	9.887	976	9.889	1124
9.904	460	9.899	976	9.898	1124
9.913	460	9.904	928	9.906	1124
9.92	456	9.913	928	9.914	1116
9.929	456	9.921	928	9.922	1116
9.938	456	9.93	900	9.931	1116
9.946	456	9.938	900	9.938	1116
9.954	456	9.946	900	9.947	1116
9.962	488	9.955	900	9.955	1104
9.971	488	9.963	900	9.964	1104
9.979	488	9.971	952	9.971	1104
9.987	476	9.98	952	9.98	1120
9.996	476	9.988	952	9.989	1120
10.004	476	9.997	1004	9.997	1120
10.013	448	10.005	1004	10.006	1120
10.021	448	10.013	1004	10.013	1120
10.029	448	10.022	936	10.022	1120
10.037	452	10.03	936	10.03	1100
10.046	452	10.038	936	10.038	1100
10.054	452	10.046	864	10.048	1100
10.063	468	10.055	864	10.055	1076
10.071	468	10.063	864	10.064	1076
10.079	468	10.072	856	10.072	1076
10.088	484	10.08	856	10.08	1112
10.096	484	10.088	856	10.089	1112
10.104	484	10.097	1036	10.097	1112
10.113	464	10.105	1036	10.106	1116
10.121	464	10.113	1036	10.113	1116
10.129	476	10.122	996	10.122	1116
10.138	476	10.13	996	10.131	1116
10.146	476	10.138	920	10.139	1116
10.154	492	10.149	920	10.148	1104
10.163	492	10.155	920	10.156	1104
10.172	492	10.167	900	10.166	1104
10.18	468	10.172	900	10.172	1112
10.188	468	10.182	900	10.18	1112
10.196	468	10.192	1000	10.19	1112
10.205	456	10.199	1000	10.197	1104
10.215	456	10.208	1000	10.206	1104
10.224	456	10.217	988	10.216	1104
10.232	460	10.226	988	10.224	1120
10.24	460	10.234	988	10.232	1120
10.248	460	10.241	932	10.241	1120
10.257	452	10.25	932	10.249	1108
10.268	452	10.258	932	10.257	1108
10.274	452	10.268	896	10.266	1108
10.282	444	10.275	896	10.274	1084
10.29	444	10.283	896	10.283	1084
10.299	444	10.292	948	10.291	1084
10.31	448	10.3	948	10.299	1108
10.318	448	10.309	948	10.308	1108
10.326	448	10.317	960	10.316	1108
10.335	448	10.325	960	10.324	1108
10.343	448	10.335	952	10.333	1108
10.352	452	10.342	952	10.341	1096
10.359	452	10.351	952	10.349	1096
10.368	452	10.359	956	10.358	1096
10.374	440	10.367	956	10.366	1104
10.382	440	10.375	956	10.374	1104
10.394	440	10.383	944	10.383	1104
10.401	448	10.393	944	10.391	1104
10.41	448	10.4	944	10.4	1104
10.418	448	10.409	964	10.408	1104
10.426	468	10.417	964	10.416	1104
10.438	468	10.426	964	10.425	1104
10.444	468	10.438	992	10.435	1104
10.452	448	10.442	992	10.441	1112
10.46	448	10.451	992	10.45	1112
10.468	448	10.459	988	10.458	1112
10.477	464	10.467	988	10.467	1112
10.485	464	10.476	988	10.475	1112
10.493	464	10.484	996	10.483	1112
10.502	436	10.492	996	10.491	1096
10.501	996